name,cbo,dit,lcom
Snailclimb/JavaGuide,0,0,0
facebook/react-native,5.42814371257485,1.4446107784431137,57.096556886227546
iluwatar/java-design-patterns,3.2489651094027203,1.1957421643997634,2.0798344175044354
MisterBooo/LeetCodeAnimation,1.0,1.0,0.0
doocs/advanced-java,0,0,0
macrozheng/mall,3.9381578947368423,1.2394736842105263,1110.7486842105263
spring-projects/spring-boot,5.210066555740433,1.2906821963394344,11.577870216306156
GrowingGit/GitHub-Chinese-Top-Charts,0.0,1.0,0.0
elastic/elasticsearch,0,0,0
kdn251/interviews,1.3035019455252919,1.0077821011673151,0.2918287937743191
TheAlgorithms/Java,1.8468677494199537,1.0394431554524362,5.592807424593968
spring-projects/spring-framework,5.262711339567722,1.4818851799095807,30.779339815445592
google/guava,3.8776711056054505,1.8234747599876122,46.28460823784454
ReactiveX/RxJava,2.499789296249473,1.3148756847871892,47.416603455541505
NationalSecurityAgency/ghidra,0,0,0
square/retrofit,4.1354071363220495,1.1829826166514181,16.738334858188473
apache/dubbo,5.200397702165267,1.2788334069818825,40.405656208572694
PhilJay/MPAndroidChart,8.843137254901961,1.9803921568627452,91.0326797385621
skylot/jadx,4.4430830039525695,1.6332015810276679,30.386561264822134
jeecgboot/jeecg-boot,7.04932735426009,1.188340807174888,40.70104633781764
eugenp/tutorials,4.0728893263342085,1.1198600174978128,6.284339457567804
airbnb/lottie-android,6.8731884057971016,1.3007246376811594,30.115942028985508
bumptech/glide,5.964666666666667,1.238,19.873333333333335
dbeaver/dbeaver,7.273152834008097,1.5861589068825912,51.79238360323887
alibaba/arthas,4.7518518518518515,1.382716049382716,39.36913580246914
geekxh/hello-algorithm,1.3333333333333333,1.0,1.0
Blankj/AndroidUtilCode,4.152238805970149,1.364179104477612,144.9313432835821
netty/netty,4.244783187805239,1.510433624389522,66.65428444575996
zxing/zxing,5.003361344537815,1.7092436974789915,22.80672268907563
xkcoding/spring-boot-demo,5.035343035343035,1.130977130977131,2.3264033264033266
ityouknow/spring-boot-examples,4.666666666666667,1.0264026402640265,4.584158415841584
alibaba/easyexcel,6.570143884892087,1.3669064748201438,32.29676258992806
halo-dev/halo,7.813306852035749,1.224428997020854,5.975173783515392
apolloconfig/apollo,7.2405063291139244,1.2943037974683544,12.794303797468354
SeleniumHQ/selenium,6.081930415263749,1.4264870931537599,30.658810325476992
alibaba/nacos,5.223016171493042,1.3121474238435502,18.86348251222264
alibaba/druid,5.004699738903394,1.9484769364664927,213.72863359442994
dromara/hutool,3.6706586826347305,1.2899914456800685,107.44653550042771
crossoverJie/JCSprout,1.962962962962963,1.0925925925925926,1.7654320987654322
alibaba/canal,5.803118908382066,1.3840155945419104,74.76218323586744
alibaba/spring-cloud-alibaba,5.840215439856373,1.1023339317773788,16.41113105924596
lenve/vhr,4.4361702127659575,1.0212765957446808,48.329787234042556
wuyouzhuguli/SpringAll,5.137096774193548,1.1129032258064515,3.586021505376344
apache/kafka,7.216286456829339,1.4071614207334682,41.970978920011554
JakeWharton/butterknife,3.974264705882353,1.2352941176470589,10.481617647058824
alibaba/fastjson,1.8530109056424846,1.504188398925241,126.12122648964754
TeamNewPipe/NewPipe,8.361663652802893,1.654611211573237,43.79746835443038
xuxueli/xxl-job,4.680981595092025,1.1349693251533743,20.650306748466257
proxyee-down-org/proxyee-down,5.516666666666667,1.4666666666666666,19.516666666666666
hollischuang/toBeTopJavaer,0,0,0
termux/termux-app,5.940438871473354,1.426332288401254,59.175548589341695
greenrobot/EventBus,3.4262295081967213,1.8360655737704918,9.05464480874317
scwang90/SmartRefreshLayout,6.279236276849642,1.6324582338902147,27.307875894988065
seata/seata,7.232253086419753,2.0073302469135803,719.1882716049382
signalapp/Signal-Android,6.737895716945996,1.5656424581005586,32.857774674115454
Netflix/Hystrix,3.345635910224439,1.568079800498753,20.253865336658354
doocs/leetcode,2.5902777777777777,1.0069444444444444,0.4583333333333333
DrKLO/Telegram,6.714233106241944,1.6273246179340821,67.21404897808875
google/gson,2.92772186642269,1.2204940530649588,18.88380603842635
apache/skywalking,5.984108065156933,1.4247119586809693,5.005164878823996
apache/flink,7.067169323567428,1.6542438604049978,28.448599741490735
libgdx/libgdx,5.064160401002506,1.8218045112781955,3522.936090225564
redisson/redisson,5.855614973262032,1.3109831345125462,163.94364459070343
jenkinsci/jenkins,6.042196237925776,1.9471276054905948,44.2737671581088
alibaba/Sentinel,4.264547090581884,1.1721655668866227,13.14637072585483
bazelbuild/bazel,7.463466477725622,1.583739261358604,66.22885484013817
krahets/hello-algo,2.0277777777777777,1.0,4.685185185185185
google/ExoPlayer,7.539164888753429,1.2922889362999086,52.220054861322765
elunez/eladmin,7.734982332155477,1.1802120141342756,6.106007067137809
ReactiveX/RxAndroid,2.272727272727273,1.1272727272727272,3.090909090909091
apache/rocketmq,6.572274881516588,1.3171406003159558,108.29304897314375
YunaiV/ruoyi-vue-pro,7.2660588479071695,1.2834645669291338,5.1860754247824286
didi/DoKit,4.502868068833652,1.319949012109624,71.76800509878903
EnterpriseQualityCoding/FizzBuzzEnterpriseEdition,2.901098901098901,1.0,0.23076923076923078
oracle/graal,6.330190363941569,2.2344726597378477,94.02125075895567
CarGuo/GSYVideoPlayer,5.483277591973244,1.5819397993311037,56.84280936454849
Anuken/Mindustry,0,0,0
mybatis/mybatis-3,3.553807426054122,1.26117054751416,21.53492762743864
apache/shardingsphere,6.467276099629041,1.452967673555909,23.3320084790673
brettwooldridge/HikariCP,4.386503067484663,1.3006134969325154,189.95705521472394
Baseflow/PhotoView,4.733333333333333,1.3555555555555556,24.6
linlinjava/litemall,4.6158833063209075,1.1280388978930307,1532.8849270664505
dianping/cat,5.487830687830688,1.415873015873016,23.067195767195766
OpenAPITools/openapi-generator,4.938461538461539,1.2731494920174165,94.71872278664732
forezp/SpringCloudLearning,4.594405594405594,1.048951048951049,0.5944055944055944
yudaocode/SpringBoot-Labs,4.29290144727774,1.0544452101998623,1.3880082701585115
keycloak/keycloak,6.554548583228175,1.572215211655386,67.67523230469197
iBotPeaches/Apktool,6.386363636363637,1.8863636363636365,53.21022727272727
facebook/fresco,6.881077038145101,1.3859386686611816,26.725504861630515
Tencent/tinker,4.72244094488189,1.5905511811023623,27.108267716535433
openjdk/jdk,0,0,0
nostra13/Android-Universal-Image-Loader,4.864285714285714,1.5857142857142856,28.84285714285714
shuzheng/zheng,4.530451866404715,1.4086444007858545,340.8565815324165
winterbe/java8-tutorial,1.0340909090909092,1.0,3.909090909090909
openzipkin/zipkin,0,0,0
LMAX-Exchange/disruptor,4.478048780487805,1.2902439024390244,25.882926829268293
Tencent/APIJSON,5.582089552238806,1.2686567164179106,832.4925373134329
JeffLi1993/springboot-learning-example,4.7105263157894735,1.043859649122807,2.491228070175439
medcl/elasticsearch-analysis-ik,4.678571428571429,1.25,17.035714285714285
android10/Android-CleanArchitecture,5.142857142857143,1.4285714285714286,6.723809523809524
material-components/material-components-android,7.033023735810113,1.5288957688338494,77.85087719298245
dyc87112/SpringBoot-Learning,4.4684014869888475,1.0260223048327137,1.4349442379182156
williamfiset/Algorithms,2.611231101511879,1.0539956803455723,16.20086393088553
antlr/antlr4,5.804545454545455,1.8136363636363637,48.343939393939394
justauth/JustAuth,5.386363636363637,1.3352272727272727,13.471590909090908
prestodb/presto,8.649927483683829,1.3474437998549673,71.63551486584481
baomidou/mybatis-plus,5.518656716417911,1.349502487562189,28.355721393034827
android-hacker/VirtualXposed,3.860977288368892,2.792842395044735,14.695801789401239
hdodenhof/CircleImageView,11.0,2.3333333333333335,178.66666666666666
heibaiying/BigData-Notes,5.714285714285714,1.2207792207792207,0.8181818181818182
thingsboard/thingsboard,8.479354532510678,1.6815377313716184,21.231134314190793
alibaba/ARouter,3.704081632653061,1.4081632653061225,17.448979591836736
mockito/mockito,3.354648303000492,1.4087555336940483,18.59124446630595
ben-manes/caffeine,4.875617792421746,1.6680395387149918,144.33031301482703
Tencent/QMUI_Android,5.468105065666041,1.629455909943715,35.34240150093809
Grasscutters/Grasscutter,0,0,0
alibaba/DataX,4.444052863436124,1.7118942731277533,18.295154185022028
YunaiV/yudao-cloud,7.475247524752476,1.2805280528052805,5.409240924092409
Konloch/bytecode-viewer,4.547872340425532,2.151595744680851,12.034574468085106
apache/hadoop,7.3217379090781405,1.6145886979727515,68.42118076688983
dromara/Sa-Token,4.602972399150743,1.2335456475583864,66.26114649681529
zhisheng17/flink-learning,4.305555555555555,1.125,3.34375
eclipse-vertx/vert.x,6.4955203308063405,1.5106822880771882,194.4328049620951
arduino/Arduino,4.126666666666667,1.768888888888889,32.72222222222222
orhanobut/logger,5.833333333333333,1.1666666666666667,14.944444444444445
elastic/logstash,5.641581632653061,1.6785714285714286,21.720663265306122
lgvalle/Material-Animations,4.4,1.4666666666666666,4.7555555555555555
Curzibn/Luban,2.9655172413793105,1.1724137931034482,10.862068965517242
Bigkoo/Android-PickerView,3.7252747252747254,1.1538461538461537,15.494505494505495
doocs/source-code-hunter,0,0,0
google/tink,6.821989528795812,1.344240837696335,30.910340314136125
deeplearning4j/deeplearning4j,8.531513736757049,2.246363799604956,55776.666008260014
kunal-kushwaha/DSA-Bootcamp-Java,1.2076271186440677,1.0889830508474576,3.73728813559322
JessYanCoding/AndroidAutoSize,5.408163265306122,1.4081632653061225,31.285714285714285
apache/pulsar,6.661657426320397,1.680624452874234,81.31193463670849
seaswalker/spring-analysis,2.4242424242424243,1.2424242424242424,1.7878787878787878
GoogleContainerTools/jib,6.9225251076040175,1.223816355810617,17.190817790530847
pinpoint-apm/pinpoint,5.111239739002316,1.1461797516312355,17.131551252367924
java-decompiler/jd-gui,4.538083538083538,2.4176904176904177,11.115479115479115
Netflix/zuul,6.548034934497816,1.6048034934497817,24.95633187772926
apache/druid,7.578508604206501,1.3225239005736138,22.286577437858508
dataease/dataease,4.619736842105263,1.2973684210526315,418.2993421052632
LuckSiege/PictureSelector,5.153324287652646,1.237449118046133,49.44911804613297
facebookarchive/stetho,4.3816013628620105,1.424190800681431,7.5042589437819425
greenrobot/greenDAO,5.019230769230769,2.1016483516483517,47.4532967032967
sqshq/piggymetrics,6.040404040404041,1.0606060606060606,3.8282828282828283
yuliskov/SmartTubeNext,6.52106135986733,1.5396351575456053,55.260033167495855
questdb/questdb,5.717264888710647,1.7742129536795668,232.47944656105875
youth5201314/banner,6.082191780821918,1.8356164383561644,47.68493150684932
zhihu/Matisse,6.657894736842105,1.394736842105263,8.078947368421053
daimajia/AndroidViewAnimations,3.3780487804878048,1.8048780487804879,2.292682926829268
macrozheng/mall-learning,4.936893203883495,1.1504854368932038,495.31310679611653
daimajia/AndroidSwipeLayout,3.7162162162162162,1.3243243243243243,58.9054054054054
barry-ran/QtScrcpy,4.421052631578948,1.1403508771929824,29.736842105263158
quarkusio/quarkus,5.072217072554142,1.2327884048200892,67.14456054605208
projectlombok/lombok,0,0,0
google/guice,3.766604427847426,1.286209655908242,7.976793811683115
Netflix/eureka,5.924324324324324,1.2716216216216216,18.602702702702704
codecentric/spring-boot-admin,7.5853131749460045,1.2505399568034556,7.015118790496761
pagehelper/Mybatis-PageHelper,5.879310344827586,1.4367816091954022,28.988505747126435
theonedev/onedev,5.647807442246507,1.4072485820998755,19.323972886982986
neo4j/neo4j,6.47919544198895,1.487396408839779,44.6927658839779
LSPosed/LSPosed,5.531764705882353,1.6494117647058824,48.28
Tencent/VasSonic,4.198198198198198,1.2792792792792793,21.61261261261261
gyoogle/tech-interview-for-developer,1.3076923076923077,1.0,0.9230769230769231
Yalantis/uCrop,6.285714285714286,1.3636363636363635,28.454545454545453
apache/zookeeper,5.657092614302462,1.9730363423212192,36.86987104337632
DuGuQiuBai/Java,0.7648953301127214,1.173913043478261,1.0982286634460547
janishar/mit-deep-learning-book-pdf,0.0,1.0,0.0
realm/realm-java,4.326882845188284,1.2102510460251046,51.75732217573222
redis/jedis,4.924019607843137,1.3125,561.8026960784314
frank-lam/fullstack-tutorial,0,0,0
zaproxy/zaproxy,4.598636728147554,1.9117882919005613,68.8075380914194
pxb1988/dex2jar,5.4308231173380035,1.5709281961471104,21.13309982486865
permissions-dispatcher/PermissionsDispatcher,1.6218487394957983,1.226890756302521,34.378151260504204
jfeinstein10/SlidingMenu,5.081081081081081,1.945945945945946,47.445945945945944
androidannotations/androidannotations,5.990644490644491,1.7162162162162162,26.124740124740125
Tencent/matrix,5.816941852117732,1.346015793251974,12.894472361809045
apache/dolphinscheduler,6.5026672137874435,1.3364792778005745,17.624948707427166
code4craft/webmagic,4.5495207667731625,1.1693290734824282,12.763578274760384
gyf-dev/ImmersionBar,6.352112676056338,2.1056338028169015,159.25352112676057
H07000223/FlycoTabLayout,6.454545454545454,1.5454545454545454,223.0909090909091
careercup/CtCI-6th-Edition,2.167487684729064,1.0689655172413792,4.482758620689655
lingochamp/FileDownloader,4.5278810408921935,1.687732342007435,42.014869888475836
mission-peace/interview,2.0149925037481258,1.0374812593703149,3.4092953523238383
alibaba/vlayout,5.314465408805032,1.8553459119496856,72.54088050314465
grpc/grpc-java,5.475822433610781,1.3777249306381292,12.249306381292113
macrozheng/mall-swarm,3.8303108808290154,1.238341968911917,1094.8562176165804
android-async-http/android-async-http,5.662337662337662,1.7857142857142858,45.87662337662338
daniulive/SmarterStreaming,3.8263473053892216,1.0538922155688624,73.76047904191617
jeasonlzy/okhttp-OkGo,5.659279778393352,1.6232686980609419,19.445983379501385
aosp-mirror/platform_frameworks_base,8.21725307333616,1.906013443953249,2566.407799915218
lipangit/JiaoZiVideoPlayer,7.27536231884058,2.1159420289855073,56.63768115942029
tbruyelle/RxPermissions,4.65,1.1,10.1
square/javapoet,4.494949494949495,1.1515151515151516,129.26262626262627
alibaba/COLA,4.1220779220779225,1.405194805194805,4.077922077922078
newbee-ltd/newbee-mall,5.033707865168539,1.0674157303370786,34.91011235955056
amitshekhariitbhu/android-interview-questions,0.0,1.0,0.0
apereo/cas,9.224354817792763,1.4742575541434315,7.77551549734146
jhy/jsoup,5.678678678678678,1.8438438438438438,205.37237237237238
JessYanCoding/MVPArms,6.644295302013423,1.2818791946308725,32.100671140939596
google/auto,4.124773960216999,1.7034358047016276,25.45479204339964
JakeWharton/ViewPagerIndicator,6.015151515151516,2.712121212121212,29.272727272727273
metersphere/metersphere,5.187977762334955,1.2988186240444752,509.82939541348156
clojure/clojure,3.79228855721393,1.564676616915423,133.8320895522388
Netflix/conductor,7.456752655538695,1.2549317147192716,78.98179059180576
languagetool-org/languagetool,5.419515943142528,1.5897041874759892,49.81982328082981
supertokens/supertokens-core,10.376640419947506,1.583989501312336,52.68503937007874
TooTallNate/Java-WebSocket,3.718045112781955,1.7969924812030076,34.57518796992481
wasabeef/glide-transformations,5.555555555555555,2.1481481481481484,2.7777777777777777
doocs/jvm,0.0,1.0,0.0
cryptomator/cryptomator,8.267002518891688,1.4256926952141058,16.21410579345088
YoKeyword/Fragmentation,5.232394366197183,1.7077464788732395,15.116197183098592
googlesamples/easypermissions,8.93939393939394,1.4848484848484849,12.212121212121213
HarlonWang/AVLoadingIndicatorView,3.5652173913043477,1.7826086956521738,6.75
paascloud/paascloud-master,6.002688172043011,1.336021505376344,5.443548387096774
OpenRefine/OpenRefine,6.109882005899705,1.623156342182891,10.2905604719764
react-native-camera/react-native-camera,0,0,0
ksoichiro/Android-ObservableScrollView,5.014925373134329,1.9671641791044776,7.570149253731343
liaohuqiu/android-Ultra-Pull-To-Refresh,4.043478260869565,1.4161490683229814,19.142857142857142
Activiti/Activiti,5.680902255639098,1.528421052631579,89.78165413533834
hackware1993/MagicIndicator,5.0,1.3398058252427185,26.941747572815533
perwendel/spark,4.542986425339366,1.2986425339366516,47.11764705882353
umano/AndroidSlidingUpPanel,4.9411764705882355,1.3529411764705883,132.0
asLody/VirtualApp,3.832394366197183,2.5880281690140845,15.611267605633802
bilibili/DanmakuFlameMaster,5.162790697674419,1.6104651162790697,47.50581395348837
itwanger/toBeBetterJavaer,0,0,0
lzyzsd/JsBridge,3.5,1.1785714285714286,14.535714285714286
MyCATApache/Mycat-Server,4.940356312935709,1.2935708752904724,78.48799380325329
koral--/android-gif-drawable,6.1692307692307695,1.646153846153846,58.815384615384616
apache/doris,7.800169061707523,1.7036348267117498,85.46086221470837
lihengming/spring-boot-api-project-seed,5.0,1.2666666666666666,9.733333333333333
pockethub/PocketHub,6.5754716981132075,1.4811320754716981,9.04245283018868
jwtk/jjwt,5.743434343434344,1.9838383838383837,24.830303030303032
stanfordnlp/CoreNLP,5.94474761255116,1.6382446566621192,144.37585266030013
navasmdc/MaterialDesignLibrary,4.536585365853658,1.8170731707317074,6.7560975609756095
debezium/debezium,7.009174311926605,1.4697247706422019,54.34220183486239
resilience4j/resilience4j,6.958305312710155,1.50773369199731,16.422999327505043
OpenFeign/feign,4.85740072202166,1.7220216606498195,12.913357400722022
crossoverJie/cim,4.829545454545454,1.2840909090909092,18.994318181818183
android/testing-samples,5.571428571428571,1.3571428571428572,3.1904761904761907
Justson/AgentWeb,5.400778210116732,1.4863813229571985,18.836575875486382
GcsSloop/AndroidNote,4.875,1.375,8.125
didi/VirtualAPK,4.895705521472393,1.6134969325153374,17.57668711656442
kekingcn/kkFileView,6.974025974025974,1.0389610389610389,139.80519480519482
nathanmarz/storm,4.433607520564042,1.2855464159811987,33.070505287896594
laobie/StatusBarUtil,4.151515151515151,1.5454545454545454,22.545454545454547
huanghaibin-dev/CalendarView,6.568181818181818,2.159090909090909,53.18181818181818
cats-oss/android-gpuimage,2.9607843137254903,2.156862745098039,11.300653594771243
chrisbanes/Android-PullToRefresh,6.024390243902439,2.1097560975609757,55.84146341463415
Freelander/Android_Data,2.0,1.0,3.0
plantuml/plantuml,7.07124824684432,1.5346423562412341,38.00084151472651
chrisjenx/Calligraphy,5.72,1.44,11.36
Blankj/awesome-java-leetcode,1.6805555555555556,1.0,1.1666666666666667
facebook/buck,0,0,0
firebase/quickstart-android,5.185344827586207,1.375,4.25
ybq/Android-SpinKit,4.816901408450704,3.1690140845070425,21.52112676056338
junit-team/junit4,3.7421768707482994,1.454421768707483,12.970068027210884
trinodb/trino,0,0,0
KunMinX/Jetpack-MVVM-Best-Practice,4.840336134453781,1.6218487394957983,12.0
signalapp/Signal-Server,8.565882352941177,1.3447058823529412,16.491764705882353
roughike/BottomBar,4.909090909090909,1.2878787878787878,61.666666666666664
dropwizard/dropwizard,5.986735445836404,1.503316138540899,19.114222549742077
ssssssss-team/spider-flow,5.385093167701863,1.7329192546583851,20.32919254658385
shwenzhang/AndResGuard,3.5303030303030303,1.5,22.37878787878788
airbnb/epoxy,7.5496062992125985,1.7669291338582678,148.73385826771653
zhoutaoo/SpringCloud,6.534090909090909,1.428030303030303,2.3106060606060606
amitshekhariitbhu/Android-Debug-Database,4.147540983606557,1.278688524590164,8.80327868852459
datahub-project/datahub,10.592146596858639,1.1670157068062827,16.293193717277486
json-path/JsonPath,4.686486486486486,1.4837837837837837,28.278378378378378
apache/cassandra,6.439114391143911,1.7905361406555242,59.705448230952896
florent37/MaterialViewPager,4.545454545454546,1.2954545454545454,9.386363636363637
react-native-image-picker/react-native-image-picker,4.894736842105263,1.4210526315789473,35.10526315789474
hs-web/hsweb-framework,6.25531914893617,1.2177722152690864,10.79224030037547
alibaba/atlas,5.814949863263446,1.438468550592525,29.88422971741112
awsdocs/aws-doc-sdk-examples,6.701766784452297,1.0275618374558304,6.362544169611307
SonarSource/sonarqube,7.159147869674185,1.1855889724310777,24.63496240601504
apache/shenyu,6.013629629629629,1.2293333333333334,16.21214814814815
guolindev/LitePal,5.009950248756219,1.6517412935323383,49.44776119402985
seven332/EhViewer,7.144758735440932,1.821963394342762,45.26289517470882
java-native-access/jna,4.871707731520815,2.5390824129141887,44.60960067969414
Netflix/SimianArmy,5.845901639344262,1.4229508196721312,25.160655737704918
apache/shardingsphere-elasticjob,5.803571428571429,1.1951530612244898,4.596938775510204
spring-projects/spring-security,7.597963887821744,1.2520169035728006,10.680560891279294
google/tsunami-security-scanner,6.113138686131387,1.5182481751824817,13.266423357664234
JakeWharton/hugo,5.714285714285714,1.1428571428571428,27.714285714285715
PaperMC/Paper,4.7272727272727275,1.3636363636363635,9.454545454545455
sohutv/cachecloud,5.2116477272727275,1.1832386363636365,37.23011363636363
HannahMitt/HomeMirror,2.727272727272727,1.0757575757575757,5.348484848484849
ChrisRM/material-theme-jetbrains,4.3277310924369745,2.2549019607843137,84.42296918767506
checkstyle/checkstyle,0,0,0
alibaba/otter,4.556327160493828,1.373456790123457,32.44444444444444
zfile-dev/zfile,6.95970695970696,1.5677655677655677,5.091575091575091
dropwizard/metrics,5.390532544378698,1.3328402366863905,9.403846153846153
barteksc/AndroidPdfViewer,4.947368421052632,1.2456140350877194,76.78947368421052
aritraroy/UltimateAndroidReference,1.0,1.0,0.0
trello/RxLifecycle,6.45679012345679,1.654320987654321,1.4074074074074074
davemorrissey/subsampling-scale-image-view,5.625,1.5833333333333333,79.72222222222223
Tencent/Hippy,5.347313237221494,1.4927916120576672,95.69593709043251
facebook/litho,7.348478532721967,1.2726135889954147,50.85327219674865
kaushikgopal/RxJava-Android-Samples,6.627906976744186,1.8255813953488371,9.19767441860465
vipshop/vjtools,3.134564643799472,1.2770448548812665,26.30079155672823
opensearch-project/OpenSearch,7.261886886886887,1.7663288288288288,37.055930930930934
LawnchairLauncher/lawnchair,9.286677908937605,1.5469364811691961,75.15064643057897
gedoor/MyBookshelf,6.336322869955157,1.4693572496263079,58.66218236173393
koush/AndroidAsync,3.613259668508287,1.5322283609576428,19.44014732965009
lecho/hellocharts-android,6.300653594771242,1.522875816993464,40.294117647058826
goldze/MVVMHabit,3.58307210031348,1.2727272727272727,15.764890282131661
wildfirechat/im-server,6.853231106243155,1.5553121577217963,114.8302300109529
google/android-classyshark,3.169811320754717,1.278301886792453,10.25
flyway/flyway,5.762886597938144,1.5085910652920962,47.17353951890034
apache/jmeter,5.483758700696056,1.8874709976798143,61.96867749419953
chat2db/Chat2DB,5.586614173228346,1.220472440944882,9.200787401574804
xiaojieonly/Ehviewer_CN_SXJ,7.282258064516129,1.8185483870967742,52.98790322580645
square/dagger,3.180246913580247,1.2296296296296296,6.002469135802469
karatelabs/karate,6.039049235993208,1.2088285229202038,105.92190152801358
testcontainers/testcontainers-java,5.501950585175552,1.4551365409622887,21.77373211963589
leolin310148/ShortcutBadger,5.290322580645161,1.1612903225806452,3.4838709677419355
kevin-wayne/algs4,4.04,1.0218181818181817,45.57090909090909
Bearded-Hen/Android-Bootstrap,6.962025316455696,1.6708860759493671,31.39240506329114
swagger-api/swagger-core,4.927646610814928,1.2353389185072354,47.83472962680884
pedant/sweet-alert-dialog,4.375,1.25,31.0625
dyc87112/SpringCloud-Learning,5.8630573248407645,1.0445859872611465,28.554140127388536
li-xiaojun/XPopup,4.704918032786885,1.5770491803278688,22.891803278688524
google/agera,6.327586206896552,1.2413793103448276,14.844827586206897
cymcsg/UltimateRecyclerView,5.214659685863874,1.693717277486911,41.39267015706806
crazycodeboy/TakePhoto,5.054545454545455,1.2545454545454546,10.89090909090909
Qihoo360/RePlugin,5.171806167400881,1.4185022026431717,31.830396475770925
yuanguangxin/LeetCode,1.2269503546099292,1.0,0.6950354609929078
geeeeeeeeek/WeChatLuckyMoney,5.380952380952381,1.380952380952381,8.80952380952381
abel533/Mapper,4.917808219178082,1.2374429223744292,31.710045662100455
JakeWharton/ActionBarSherlock,6.283372365339578,1.9508196721311475,63.39812646370024
apache/beam,7.360971413446268,1.543078348332451,18.177607199576496
Tencent/Shadow,4.249258160237389,1.7789317507418398,17.176557863501483
TechEmpower/FrameworkBenchmarks,4.853587115666179,1.2371888726207907,4.099560761346998
google/closure-compiler,6.446830985915493,1.4859154929577465,1165.1644366197183
ogaclejapan/SmartTabLayout,6.355555555555555,1.6444444444444444,9.71111111111111
Exrick/xmall,4.310126582278481,1.1613924050632911,616.373417721519
lenve/VBlog,4.551724137931035,1.0344827586206897,29.06896551724138
software-mansion/react-native-svg,6.455555555555556,2.5166666666666666,132.46666666666667
NLPchina/elasticsearch-sql,12.25503355704698,1.3624161073825503,347.6510067114094
apache/tomcat,4.65409383624655,1.7893284268629255,165.98045078196873
pentaho/pentaho-kettle,5.916727272727273,1.2757272727272728,79.17336363636363
naman14/Timber,5.399558498896247,1.4613686534216335,19.748344370860927
gocd/gocd,7.402513464991023,1.2473967684021543,37.64290843806104
hongyangAndroid/okhttputils,3.7285714285714286,1.457142857142857,6.2
bytedeco/javacv,6.103603603603603,2.130630630630631,134.04504504504504
DroidPluginTeam/DroidPlugin,3.301526717557252,4.388040712468193,3.699745547073791
alibaba/transmittable-thread-local,5.496774193548387,1.4322580645161291,12.35483870967742
flowable/flowable-engine,6.52180881511162,1.6447624499141384,145.52925014310247
Graylog2/graylog2-server,7.954806902218571,1.3497124075595728,18.177649958915367
provectus/kafka-ui,0,0,0
twowaits/SDE-Interview-Questions,0.0,1.0,0.0
frohoff/ysoserial,5.458333333333333,1.3416666666666666,8.891666666666667
real-logic/aeron,7.607705779334501,1.2950963222416814,103.28371278458845
react-native-video/react-native-video,5.608108108108108,1.3243243243243243,89.33783783783784
hongyangAndroid/AndroidAutoLayout,5.833333333333333,2.0,8.807692307692308
Angel-ML/angel,7.5470494417862835,1.7331206804891015,64.09994683678894
NanoHttpd/nanohttpd,4.340277777777778,1.7916666666666667,22.15972222222222
zo0r/react-native-push-notification,6.310344827586207,1.2413793103448276,15.482758620689655
Meituan-Dianping/walle,3.148936170212766,1.1914893617021276,8.691489361702128
yanzhenjie/AndPermission,3.994047619047619,1.1666666666666667,7.488095238095238
markzhai/AndroidPerformanceMonitor,4.074074074074074,1.2777777777777777,14.074074074074074
google/error-prone,5.6927294398092965,1.5120381406436234,21.59880810488677
zouzg/mybatis-generator-gui,7.17948717948718,1.4871794871794872,69.94871794871794
GrenderG/Toasty,4.0625,1.0625,56.625
rest-assured/rest-assured,6.155049786628734,1.1991465149359886,105.75817923186344
apache/storm,5.334929184121284,1.2385796927987234,43.334929184121286
guardianproject/haven,6.822784810126582,1.3924050632911393,11.772151898734178
vinc3m1/RoundedImageView,8.4,1.8,107.46666666666667
mapstruct/mapstruct,3.791411042944785,1.1644643699858424,10.859131665880133
mrniko/netty-socketio,4.963414634146342,1.274390243902439,30.713414634146343
rabbitmq/rabbitmq-tutorials,4.930232558139535,1.0,2.558139534883721
processing/processing,3.7310195227765726,1.6420824295010845,507.76138828633407
smuyyh/BookReader,4.798283261802575,1.4377682403433476,25.32331902718169
zendesk/android-floating-action-button,5.571428571428571,1.6666666666666667,48.142857142857146
didi/KnowStreaming,6.975374732334047,1.8115631691648821,10.32441113490364
Alluxio/alluxio,6.726348489127365,1.4995763908500424,32.438576673256144
apache/seatunnel,6.259404388714733,1.3491379310344827,9.210423197492164
NLPchina/ansj_seg,6.208333333333333,1.1851851851851851,9.662037037037036
MinecraftForge/MinecraftForge,6.720100187852223,2.189730745147151,33.2686286787727
ArthurHub/Android-Image-Cropper,7.725,1.375,70.375
koush/ion,4.577854671280277,1.4602076124567474,23.598615916955016
alibaba/jvm-sandbox,3.4827586206896552,1.3264367816091953,12.360919540229885
wxiaoqi/Spring-Cloud-Platform,4.887005649717514,1.4067796610169492,57.64971751412429
ximsfei/Android-skin-support,6.1330049261083746,1.3916256157635467,17.63054187192118
Team-xManager/xManager,1.7040816326530612,1.022108843537415,9.948979591836734
h2pl/JavaTutorial,0.3333333333333333,1.0,0.3333333333333333
sshahine/JFoenix,6.92,1.6235294117647059,22.084705882352942
527515025/springBoot,5.143939393939394,1.1477272727272727,16.106060606060606
AsyncHttpClient/async-http-client,5.6762075134168155,1.5724508050089445,41.86762075134168
beemdevelopment/Aegis,7.325870646766169,1.7338308457711442,21.345771144278608
aa112901/remusic,5.18698224852071,1.4532544378698224,41.646153846153844
apache/zeppelin,5.78692272519433,1.256058527663466,43.21673525377229
ikew0ng/SwipeBackLayout,5.222222222222222,1.3888888888888888,61.333333333333336
rengwuxian/MaterialEditText,5.653846153846154,1.3076923076923077,742.8461538461538
gzu-liyujiang/AndroidPicker,5.451063829787234,1.651063829787234,52.31063829787234
ityouknow/spring-cloud-examples,3.9,1.0166666666666666,0.4666666666666667
wasabeef/richeditor-android,2.4186046511627906,1.1395348837209303,46.95348837209303
cabaletta/baritone,6.709677419354839,1.3827956989247312,22.120430107526882
Meituan-Dianping/Leaf,3.475,1.425,11.25
daimajia/NumberProgressBar,3.1666666666666665,1.3333333333333333,91.83333333333333
joelittlejohn/jsonschema2pojo,6.735294117647059,1.1433823529411764,76.92279411764706
pedrovgs/EffectiveAndroidUI,4.438356164383562,1.3424657534246576,11.616438356164384
rey5137/material,6.511475409836065,1.6459016393442623,54.49508196721312
google/physical-web,4.788461538461538,1.2884615384615385,26.71153846153846
JesusFreke/smali,5.9765625,1.6371527777777777,15.016493055555555
singwhatiwanna/dynamic-load-apk,5.806451612903226,1.4516129032258065,9.419354838709678
macrozheng/springcloud-learning,4.744897959183674,1.030612244897959,1.3673469387755102
lightbend/config,5.475,2.055,75.63
wyouflf/xUtils3,5.224770642201835,1.408256880733945,27.44954128440367
amitshekhariitbhu/from-java-to-kotlin,0.5,1.0,0.0
antoniolg/androidmvp,3.2857142857142856,1.2857142857142858,3.0
google/j2objc,0,0,0
graphql-java/graphql-java,8.083609271523178,1.3783112582781456,33.813741721854306
microg/GmsCore,5.335313531353135,1.6904290429042905,14.626402640264027
junit-team/junit5,4.314755269739193,1.3304751697034656,40.27545551982851
prolificinteractive/material-calendarview,6.454545454545454,1.5340909090909092,69.01136363636364
google/grafika,6.407766990291262,1.7475728155339805,6.893203883495145
weibocom/motan,5.809960681520314,1.4416775884665793,33.507208387942335
springfox/springfox,5.704585537918871,1.120811287477954,23.241622574955908
getActivity/AndroidProject,7.215083798882682,2.142458100558659,19.18435754189944
haifengl/smile,5.404615384615385,1.3384615384615384,104.68076923076923
liyifeng1994/ssm,4.157894736842105,1.6842105263157894,2.0526315789473686
micronaut-projects/micronaut-core,5.693502150023889,1.3241758241758241,36.7560917343526
fuzhengwei/itstack-demo-design,2.144186046511628,1.1116279069767443,5.325581395348837
lets-blade/blade,4.62214983713355,1.234527687296417,42.156351791530945
Nightonke/BoomMenu,5.6347826086956525,1.5739130434782609,227.6695652173913
quartz-scheduler/quartz,5.353515625,1.46875,112.642578125
PowerJob/PowerJob,5.694682675814751,1.1646655231560892,5.1629502572898796
Devlight/InfiniteCycleViewPager,5.048780487804878,1.6341463414634145,102.53658536585365
JakeWharton/DiskLruCache,3.25,1.3333333333333333,11.0
springside/springside4,3.165079365079365,1.276190476190476,24.784126984126985
raphw/byte-buddy,6.084737281067556,1.6080066722268558,14.926105087572978
yarolegovich/DiscreteScrollView,4.228571428571429,1.2476190476190476,19.114285714285714
wiremock/wiremock,5.852401746724891,1.3737991266375547,68.63056768558953
robolectric/robolectric,5.5632720285479005,1.3439472961844634,75.429041998353
dmytrodanylyk/circular-progress-button,3.9743589743589745,1.2820512820512822,25.333333333333332
JakeWharton/u2020,6.223880597014926,1.4253731343283582,23.619402985074625
k0shk0sh/FastHub,8.009635974304068,1.6124197002141327,34.75695931477516
changmingxie/tcc-transaction,5.29038854805726,1.3108384458077709,29.132924335378323
jpush/aurora-imui,4.807017543859649,1.5292397660818713,50.26900584795322
daimajia/AndroidImageSlider,4.063492063492063,1.5714285714285714,59.095238095238095
jOOQ/jOOQ,9.815412186379929,1.7455197132616487,1471.9722222222222
confluentinc/ksql,8.332129094412332,1.2740847784200386,26.026011560693643
Vedenin/useful-java-links,2.3041825095057034,1.0228136882129277,1.832699619771863
amlcurran/ShowcaseView,5.384615384615385,1.4,17.815384615384616
amitshekhariitbhu/Fast-Android-Networking,3.219130434782609,1.2504347826086957,13.768695652173912
hongyangAndroid/FlowLayout,4.323529411764706,1.411764705882353,5.0
nhaarman/ListViewAnimations,6.474452554744525,2.0583941605839415,10.459854014598541
knightliao/disconf,4.44,1.3576470588235294,12.616470588235295
hazelcast/hazelcast,7.375166444740346,1.7081114070128718,39.960108743897024
hibernate/hibernate-orm,6.617324250165579,1.430835462200776,61.856987416028005
huanghongxun/HMCL,6.620253164556962,1.6426484907497565,36.52580331061344
btraceio/btrace,4.956406869220608,1.3143989431968295,101.15719947159842
hanks-zyh/HTextView,4.197802197802198,1.5604395604395604,3.4835164835164836
emilsjolander/StickyListHeaders,4.813953488372093,1.3953488372093024,3.9767441860465116
yanzhenjie/SwipeRecyclerView,4.8545454545454545,1.3890909090909092,26.970909090909092
alibaba/freeline,3.762962962962963,1.6074074074074074,13.866666666666667
journeyapps/zxing-android-embedded,5.4375,1.3645833333333333,21.916666666666668
sockeqwe/mosby,5.368421052631579,1.6075187969924811,9.593984962406015
crazycodeboy/react-native-splash-screen,3.4166666666666665,1.25,2.0
dm77/barcodescanner,5.287671232876712,1.643835616438356,11.821917808219178
facebookarchive/rebound,4.379310344827586,1.3218390804597702,34.93103448275862
wasabeef/Blurry,5.142857142857143,1.0,0.6428571428571429
gephi/gephi,4.4373949579831935,1.6722689075630253,24.630252100840337
kiegroup/drools,6.437472420792516,1.5231665342864706,60.12523166534287
auth0/java-jwt,5.662790697674419,1.627906976744186,141.65116279069767
apache/dubbo-spring-boot-project,7.089887640449438,1.1685393258426966,11.92134831460674
Evernote/android-job,6.994708994708994,1.7671957671957672,32.00529100529101
ffay/lanproxy,4.238095238095238,1.1904761904761905,8.206349206349206
Genymobile/gnirehtet,3.765432098765432,1.1851851851851851,14.296296296296296
Nepxion/Discovery,4.720338983050848,1.2990314769975786,18.45762711864407
scribejava/scribejava,4.208502024291498,1.4008097165991902,10.935222672064777
jgilfelt/SystemBarTint,8.0,1.7777777777777777,22.555555555555557
AriaLyy/Aria,6.0,1.6210526315789473,44.35263157894737
alipay/SoloPi,4.623076923076923,1.205982905982906,13.135897435897435
StarRocks/starrocks,7.5425769826251505,1.5332874591432994,122.95389643901599
jeremylong/DependencyCheck,6.508946322067595,1.7852882703777335,72.5427435387674
vavr-io/vavr,8.550079491255962,1.3068362480127187,1212.5945945945946
wuhaoyu1990/MagicCamera,3.5426136363636362,1.4659090909090908,7.630681818181818
XRecyclerView/XRecyclerView,3.9096385542168677,1.4216867469879517,9.042168674698795
commonsguy/cw-omnibus,5.292481977342946,1.6833161688980434,20.18898043254377
evant/gradle-retrolambda,4.6,1.04,2.16
motianhuo/wechat,5.2377952755905515,1.2503937007874015,15.453543307086614
TommyLemon/Android-ZBLibrary,5.377358490566038,1.559748427672956,26.666666666666668
KeepSafe/TapTargetView,4.512820512820513,1.1538461538461537,45.58974358974359
h6ah4i/android-advancedrecyclerview,6.60506329113924,2.4075949367088607,32.02278481012658
yixia/VitamioBundle,4.9504950495049505,1.316831683168317,75.06930693069307
danikula/AndroidVideoCache,4.8311688311688314,1.4935064935064934,14.324675324675324
facebookarchive/shimmer-android,8.571428571428571,1.8571428571428572,18.0
lucasr/twoway-view,6.078431372549019,1.8235294117647058,86.58823529411765
thinkaurelius/titan,5.8626097867001254,1.3613550815558344,20.50564617314931
Clans/FloatingActionButton,4.638297872340425,1.3829787234042554,139.68085106382978
xxv/android-lifecycle,7.0,1.6666666666666667,151.66666666666666
Yalantis/Side-Menu.Android,3.888888888888889,1.2222222222222223,4.111111111111111
Karumi/Dexter,4.425,1.2,4.15
LandGrey/SpringBootVulExploit,3.357142857142857,1.0,3.5714285714285716
socketio/socket.io-client-java,1.9170305676855894,1.0960698689956332,4.109170305676856
square/otto,2.4352941176470586,1.388235294117647,3.552941176470588
baidu/uid-generator,2.88,1.28,11.72
mybatis/generator,6.714285714285714,1.890937019969278,86.64976958525345
Col-E/Recaf,0,0,0
google/google-java-format,5.685185185185185,1.4197530864197532,65.19135802469135
AntennaPod/AntennaPod,7.5504587155963305,1.4338138925294888,19.381389252948885
ElderDrivers/EdXposed,5.726086956521739,1.5641304347826086,191.0782608695652
careercup/ctci,1.9581993569131833,1.1189710610932475,5.096463022508039
lettuce-io/lettuce-core,6.086499123319696,1.4213909994155465,153.90356516656925
dromara/lamp-cloud,8.109442060085836,1.257510729613734,6.214592274678112
google/google-authenticator,3.8852459016393444,1.6885245901639345,29.65573770491803
apache/hive,6.900520123213655,1.4151896177346868,99.87471595212847
apache/camel,4.745595095295215,1.6220978275356523,76.29849393575903
pig-mesh/pig,7.133704735376044,1.3147632311977715,5.186629526462395
Jasonchenlijian/FastBle,4.380952380952381,1.2952380952380953,26.066666666666666
wequick/Small,3.8054054054054056,1.4756756756756757,20.167567567567566
razerdp/BasePopup,5.887323943661972,1.6954225352112675,34.29401408450704
huangyanbin/smartTable,5.126373626373627,1.1895604395604396,25.928571428571427
Trinea/android-common,4.445454545454545,1.2454545454545454,42.49090909090909
CatVodTVOfficial/TVBoxOSC,4.34375,1.271484375,33.390625
hustcc/JS-Sorting-Algorithm,3.5833333333333335,1.0,2.8333333333333335
alibaba/UltraViewPager,5.208333333333333,1.375,58.375
frogermcs/InstaMaterial,4.7875,1.5375,9.9375
orhanobut/dialogplus,5.241379310344827,1.0344827586206897,57.86206896551724
spring-attic/spring-mvc-showcase,5.172413793103448,1.206896551724138,9.448275862068966
lingochamp/okdownload,6.440233236151603,1.2653061224489797,35.25947521865889
youtube/api-samples,6.404761904761905,1.0,4.380952380952381
yipianfengye/android-zxingLibrary,4.711538461538462,1.3269230769230769,5.634615384615385
rubensousa/GravitySnapHelper,6.375,1.75,57.875
WeiYe-Jing/datax-web,5.041009463722397,1.38801261829653,13.239747634069401
amitshekhariitbhu/RxJava2-Android-Samples,3.6648648648648647,1.2540540540540541,6.286486486486487
apache/hbase,8.007918653828849,1.4915864303068478,69.92882210024295
apache/groovy,0,0,0
DingMouRen/LayoutManagerGroup,4.9523809523809526,1.5714285714285714,9.142857142857142
Devlight/NavigationTabBar,4.017241379310345,1.3103448275862069,57.5
traex/RippleEffect,3.4210526315789473,1.368421052631579,23.157894736842106
JanusGraph/janusgraph,6.8591938155715075,1.4527885146327995,41.58586416344561
JodaOrg/joda-time,8.572710951526032,2.2836624775583485,295.12028725314184
CodingDocs/springboot-guide,4.093525179856115,1.1798561151079137,1.3525179856115108
Ramotion/folding-cell-android,4.142857142857143,1.3333333333333333,13.380952380952381
ZHENFENG13/spring-boot-projects,4.299065420560748,1.074766355140187,9.102803738317757
OpenTSDB/opentsdb,7.1481876332622605,1.288912579957356,65.90938166311301
spring-projects/spring-data-examples,2.60739730180385,1.0084887069880248,0.43762316204335305
javaparser/javaparser,9.563127311146328,1.8394083465398838,315.20602218700475
android/views-widgets-samples,4.026315789473684,1.730263157894737,7.0131578947368425
andkulikov/Transitions-Everywhere,6.870466321243524,1.6787564766839378,25.72020725388601
mcxiaoke/packer-ng-plugin,2.806451612903226,1.3870967741935485,18.64516129032258
youlookwhat/CloudReader,4.741869918699187,1.4552845528455285,19.441056910569106
claritylab/lucida,6.518656716417911,1.6119402985074627,23.51865671641791
deathmarine/Luyten,2.3488372093023258,1.5426356589147288,15.449612403100776
sofastack/sofa-boot,5.160145586897179,1.186533212010919,18.11010009099181
coobird/thumbnailator,4.062780269058296,1.2376681614349776,93.55156950672645
spring-cloud/spring-cloud-netflix,7.645320197044335,1.1970443349753694,110.4088669950739
etsy/AndroidStaggeredGrid,5.861111111111111,1.8611111111111112,155.88888888888889
saiwu-bigkoo/Android-ConvenientBanner,4.827586206896552,1.4482758620689655,7.793103448275862
obsidiandynamics/kafdrop,5.370786516853933,1.2808988764044944,31.640449438202246
apache/pinot,7.095321637426901,1.4487329434697855,44.84405458089669
Javen205/IJPay,5.562962962962963,1.3666666666666667,128.84814814814814
meefik/linuxdeploy,7.162162162162162,1.6486486486486487,35.891891891891895
jankotek/mapdb,3.2395437262357416,2.0228136882129277,81.84790874524715
apache/iceberg,8.525073746312684,1.6088987217305801,29.18411996066863
web3j/web3j,4.336127409891031,1.713327745180218,31.850796311818943
google/cameraview,4.833333333333333,1.2638888888888888,12.125
PojavLauncherTeam/PojavLauncher,5.847953216374269,1.3888888888888888,136.42397660818713
natario1/CameraView,5.597378277153558,1.3745318352059925,34.762172284644194
hongyangAndroid/baseAdapter,4.88,1.32,18.28
pardom-zz/ActiveAndroid,5.67741935483871,2.5806451612903225,22.080645161290324
TeamAmaze/AmazeFileManager,7.219026548672566,1.4469026548672566,28.207964601769913
gabrielemariotti/cardslib,5.901356350184956,2.177558569667078,18.620221948212084
reactive-streams/reactive-streams-jvm,3.122004357298475,1.2766884531590414,20.335511982570807
nisrulz/android-tips-tricks,1.0,1.0,0.0
2227324689/gpmall,5.009433962264151,1.3608490566037736,8.169811320754716
spring-attic/spring-security-oauth,6.155155155155155,1.6396396396396395,13.40940940940941
Doikki/DKVideoPlayer,5.326259946949602,1.5915119363395225,46.753315649867375
bitcoinj/bitcoinj,6.917557251908397,1.8198473282442749,99.16793893129771
jeecgboot/JimuReport,4.666666666666667,1.0,2.3333333333333335
getActivity/XXPermissions,5.564705882352941,1.7058823529411764,29.83529411764706
wdullaer/MaterialDateTimePicker,6.589041095890411,1.4657534246575343,127.63013698630137
kyleduo/SwitchButton,4.37037037037037,1.4074074074074074,82.48148148148148
cglib/cglib,3.218875502008032,1.5321285140562249,261.7971887550201
jgilfelt/chuck,5.904761904761905,1.380952380952381,55.73809523809524
opengoofy/hippo4j,4.654826958105646,1.204007285974499,5.8369763205828775
reactor/reactor-core,7.072996183206107,1.5438931297709924,122.87118320610686
vespa-engine/vespa,6.241851265822785,1.5899525316455696,38.1754746835443
react-native-linear-gradient/react-native-linear-gradient,5.157894736842105,1.631578947368421,10.68421052631579
orientechnologies/orientdb,6.7866717732669475,1.6103025660666412,314.2587131367292
zhanglei-workspace/shopping-management-system,3.5670103092783507,1.3608247422680413,76.48453608247422
roncoo/roncoo-pay,5.192893401015229,1.2893401015228427,63.19035532994924
techGay/v9porn,4.925876010781671,1.3409703504043127,49.703504043126685
citerus/dddsample-core,6.810975609756097,1.1402439024390243,6.774390243902439
luggit/react-native-config,4.565217391304348,1.391304347826087,1.9565217391304348
JSQLParser/JSqlParser,5.695046439628483,1.5557275541795665,450.1021671826625
romandanylyk/PageIndicatorView,5.513888888888889,1.5,22.805555555555557
brianfrankcooper/YCSB,6.9914529914529915,1.6282051282051282,7.67948717948718
square/sqlbrite,4.69811320754717,1.3584905660377358,4.30188679245283
hansonwang99/Spring-Boot-In-Action,3.8656716417910446,1.1194029850746268,6.007462686567164
SplashCodes/JAViewer,5.787709497206704,1.5977653631284916,11.64804469273743
go-lang-plugin-org/go-lang-idea-plugin,8.181095406360424,2.0989399293286217,110.02915194346289
danielzeller/Depth-LIB-Android-,3.787037037037037,1.212962962962963,13.351851851851851
chentao0707/SimplifyReader,4.555379746835443,1.3876582278481013,60.29430379746835
pili-engineering/PLDroidPlayer,4.109589041095891,1.2602739726027397,8.0
jetlinks/jetlinks-community,8.626618705035972,1.2453237410071942,12.08705035971223
j-easy/easy-rules,5.092592592592593,1.3148148148148149,7.62962962962963
ronmamo/reflections,2.771573604060914,1.1522842639593909,13.65989847715736
Exrick/xpay,6.428571428571429,1.0,93.42857142857143
jdamcd/android-crop,4.290322580645161,1.3870967741935485,26.483870967741936
Flipboard/bottomsheet,4.897058823529412,1.3676470588235294,27.66176470588235
firebase/FirebaseUI-Android,10.114186851211073,1.9896193771626298,12.370242214532873
zhanghai/Douya,5.503215434083601,1.585209003215434,28.39790996784566
apache/ignite,5.507524649714583,1.6246638675284237,458.20578383733545
puniverse/quasar,3.4343958487768718,1.5151964418087471,35.99703484062268
JakeWharton/NineOldAndroids,4.2898550724637685,1.434782608695652,30.144927536231883
javagrowing/JGrowing,1.5263157894736843,1.0,1.9473684210526316
xuexiangjys/XUI,5.634278817139409,1.6107423053711527,52.71031985515993
spring-projects/spring-authorization-server,10.630681818181818,1.3825757575757576,17.666666666666668
apache/hudi,9.002705139765554,1.60595130748422,54.33814247069432
castorflex/SmoothProgressBar,4.854166666666667,1.2291666666666667,26.3125
alibaba/dexposed,2.9166666666666665,1.6944444444444444,82.83333333333333
ververica/flink-cdc-connectors,7.68780487804878,1.303658536585366,21.663414634146342
HotBitmapGG/bilibili-android-client,4.92128801431127,1.8175313059033988,42.7906976744186
apache/rocketmq-externals,5.774703557312253,1.233201581027668,16.1699604743083
Netflix/ribbon,4.387323943661972,1.2661971830985916,13.377464788732395
CellularPrivacy/Android-IMSI-Catcher-Detector,5.059760956175299,1.3306772908366533,4.964143426294821
square/android-times-square,4.553191489361702,1.2340425531914894,25.872340425531913
janishar/android-mvp-architecture,5.815068493150685,1.3835616438356164,14.10958904109589
tuguangquan/mybatis,3.751684311838306,1.277189605389798,21.467757459095285
yasserg/crawler4j,5.27710843373494,1.3132530120481927,55.89156626506024
pmd/pmd,5.364542936288089,2.0373961218836567,26.51218836565097
bisq-network/bisq,7.411133088443063,1.7948573043232552,30.83385137044363
line/armeria,6.383191981495759,1.3465690053970703,36.984772552043175
remkop/picocli,3.0090027700831024,1.113573407202216,59.91101108033241
Heeexy/SpringBoot-Shiro-Vue,5.777777777777778,1.4074074074074074,9.444444444444445
querydsl/querydsl,5.182858910891089,2.038675742574257,42.900061881188115
ZhongFuCheng3y/austin,6.2379518072289155,1.1265060240963856,1.394578313253012
rstudio/rstudio,5.545826036193812,1.4401634559252774,367.65761821366027
cjlin1/libsvm,3.264705882352941,1.3529411764705883,19.61764705882353
Tencent/GT,3.699056603773585,1.289622641509434,13.650943396226415
Ashok-Varma/BottomNavigation,7.533333333333333,1.4333333333333333,69.26666666666667
awangdev/leet-code,2.0617283950617282,1.0,0.9012345679012346
Meituan-Dianping/Robust,3.5238095238095237,1.2619047619047619,17.357142857142858
LWJGL/lwjgl3,6.615861817297166,2.2760004865588126,1043.2084904512833
robinhood/ticker,4.612903225806452,1.3225806451612903,27.612903225806452
react-native-webrtc/react-native-webrtc,5.967213114754099,1.1475409836065573,10.081967213114755
Fuzion24/JustTrustMe,2.6153846153846154,1.1153846153846154,1.6153846153846154
stleary/JSON-java,3.011904761904762,1.2142857142857142,242.23809523809524
airbnb/DeepLinkDispatch,6.28,1.48,88.64
azkaban/azkaban,6.493374902572096,1.3476227591582228,35.83632112236945
mcxiaoke/android-volley,5.090909090909091,1.893939393939394,15.818181818181818
alibaba/jetcache,6.068965517241379,1.6528735632183909,15.855172413793104
bingoogolapple/BGARefreshLayout-Android,5.148148148148148,1.4074074074074074,9.796296296296296
DiUS/java-faker,4.115555555555556,1.448888888888889,40.74666666666667
traccar/traccar,5.737914967967385,1.960978450786255,5.697146185206756
201206030/novel,4.336734693877551,1.0714285714285714,21.040816326530614
phishman3579/java-algorithms-implementation,3.710706150341686,1.5831435079726652,7.050113895216401
graphhopper/graphhopper,6.77447425670776,1.26178390137781,31.165337200870194
chewiebug/GCViewer,5.258620689655173,2.168965517241379,49.05862068965517
jeasonlzy/ImagePicker,5.828947368421052,1.486842105263158,23.07894736842105
nayuki/QR-Code-generator,3.9473684210526314,1.4210526315789473,19.57894736842105
aporter/coursera-android,4.240131578947368,1.5,3.3289473684210527
alibaba/QLExpress,4.173252279635259,1.5653495440729484,12.270516717325227
runelite/runelite,5.938580527752502,1.3767060964513194,38.05868971792539
mock-server/mockserver,7.27141568981064,1.6248872858431018,95.82236248872859
JZ-Darkal/AndroidHttpCapture,4.70440251572327,1.4182389937106918,36.886792452830186
zlt2000/microservices-platform,6.163461538461538,1.2427884615384615,5.778846153846154
objectbox/objectbox-java,5.167130919220056,1.713091922005571,87.85515320334262
grantland/android-autofittextview,5.375,1.375,40.75
jagrosh/MusicBot,6.595238095238095,2.5952380952380953,8.226190476190476
mik3y/usb-serial-for-android,6.545454545454546,1.3454545454545455,35.345454545454544
CalebFenton/simplify,8.983922829581994,1.3729903536977492,20.742765273311896
dreamhead/moco,5.856392294220665,1.5376532399299474,34.819614711033275
fuzhengwei/small-spring,3.255434782608696,1.252717391304348,10.701086956521738
tiann/epic,3.228187919463087,1.6241610738255035,30.395973154362416
ChadCSong/ShineButton,4.833333333333333,1.625,23.625
RedSpider1/concurrent,0,0,0
NekoX-Dev/NekoX,6.631464236179909,1.635526055082227,65.18941945710323
codingapi/tx-lcn,4.986486486486487,1.2117117117117118,6.337837837837838
CaffeineMC/sodium-fabric,5.807594936708861,1.1316455696202532,10.79240506329114
ongakuer/CircleIndicator,6.511111111111111,1.6222222222222222,8.511111111111111
bytedeco/javacpp,5.65625,2.0416666666666665,155.71354166666666
baomidou/dynamic-datasource,5.1015625,1.1875,2.4296875
hugeterry/CoordinatorTabLayout,5.294117647058823,1.411764705882353,9.411764705882353
bjmashibing/InternetArchitect,4.716763005780347,1.157514450867052,67.48265895953757
Jacksgong/JKeyboardPanelSwitch,5.2,1.3,7.38
spring-cloud/spring-cloud-gateway,6.919069767441861,1.3581395348837209,15.88093023255814
apache/shiro,5.0108267716535435,1.797244094488189,19.510826771653544
ThirtyDegreesRay/OpenHub,6.7560975609756095,1.6326219512195121,32.92835365853659
bingoogolapple/BGABanner-Android,5.0,1.5849056603773586,26.28301886792453
hussien89aa/AndroidTutorialForBeginners,4.565891472868217,1.496124031007752,2.8217054263565893
saysky/ForestBlog,5.104651162790698,1.069767441860465,12.686046511627907
brianway/java-learning,1.0823373173970783,1.2868525896414342,0.5962815405046481
CoderLeixiaoshuai/java-eight-part,0,0,0
baoyachi/StepView,5.842105263157895,1.736842105263158,12.526315789473685
pedrovgs/AndroidWiFiADB,2.8666666666666667,1.5,12.133333333333333
GeyserMC/Geyser,7.902045209903122,2.069967707212056,31.979547900968782
yhaolpz/FloatWindow,3.772727272727273,1.2727272727272727,9.727272727272727
Freeyourgadget/Gadgetbridge,5.623544093178037,1.7400166389351082,37.885607321131445
alibaba/Tangram-Android,5.2595818815331015,1.6777003484320558,23.21080139372822
oshi/oshi,5.570957095709571,1.5709570957095709,30.58745874587459
micrometer-metrics/micrometer,5.739902080783354,1.2876376988984088,17.736842105263158
DerekYRC/mini-spring,3.4093959731543624,1.221476510067114,5.080536912751678
killbill/killbill,8.670938404299298,1.805291442744936,27.872261264985532
eirslett/frontend-maven-plugin,5.214285714285714,1.7380952380952381,6.178571428571429
youlookwhat/DesignPattern,2.5380710659898478,1.2791878172588833,1.4263959390862944
dinuscxj/LoadingDrawable,6.507692307692308,1.4461538461538461,15.830769230769231
Manabu-GT/ExpandableTextView,5.133333333333334,1.7333333333333334,11.8
powermock/powermock,3.3691699604743084,1.242687747035573,22.765217391304347
rubensousa/ViewPagerCards,5.333333333333333,1.5555555555555556,2.2222222222222223
dromara/hmily,5.416666666666667,1.2226027397260273,10.60958904109589
liquibase/liquibase,6.565781710914454,1.8094395280235989,66.08672566371682
Yalantis/Phoenix,4.333333333333333,1.6666666666666667,7.541666666666667
jeequan/jeepay,9.01890359168242,1.9621928166351608,4.317580340264651
oblac/jodd,4.035714285714286,1.4587912087912087,12.949175824175825
tianshiyeben/wgcloud,6.0508474576271185,1.194915254237288,38.13559322033898
makovkastar/FloatingActionButton,5.666666666666667,1.8148148148148149,37.592592592592595
apache/calcite,7.688372093023256,1.712984496124031,314.3720930232558
BoltsFramework/Bolts-Android,2.132911392405063,1.0822784810126582,19.0126582278481
luckybilly/CC,4.966666666666667,1.2583333333333333,16.316666666666666
strimzi/strimzi-kafka-operator,11.192994051553205,1.5082617316589557,38.28883013879709
dragonwell-project/dragonwell8,0,0,0
PhilippC/keepass2android,4.535078534031413,1.675392670157068,42.05340314136126
qstumn/BadgeView,4.3428571428571425,1.3142857142857143,49.885714285714286
lcodecorex/TwinklingRefreshLayout,4.28476821192053,1.3708609271523178,36.271523178807946
failsafe-lib/failsafe,6.38655462184874,2.063025210084034,19.176470588235293
apache/nifi,6.781841455609399,1.475358873548505,50.196763280607115
gz-yami/mall4j,6.031168831168831,1.1376623376623376,4.072727272727272
rubenlagus/TelegramBots,7.580906148867314,1.6731391585760518,11.943365695792881
oracle/opengrok,5.186703096539162,1.6247723132969034,79.05009107468123
xcltapestry/XCL-Charts,7.740061162079511,2.1773700305810397,49.042813455657495
oldmanpushcart/greys-anatomy,4.066666666666666,1.1541666666666666,6.770833333333333
mybatis/spring-boot-starter,4.494252873563219,1.2241379310344827,15.545977011494253
rengwuxian/RxJavaSamples,4.547169811320755,1.3962264150943395,1.6037735849056605
981011512/--,4.397849462365591,1.2544802867383513,499.93906810035844
orhanobut/hawk,3.6153846153846154,1.0384615384615385,12.961538461538462
jitsi/jitsi,5.328669154228856,1.896144278606965,39.41417910447761
Piasy/BigImageViewer,4.607142857142857,1.2857142857142858,12.80952380952381
microsoft/malmo,7.0503597122302155,2.143884892086331,12.848920863309353
will-che/flink-recommandSystem-demo,3.727272727272727,1.077922077922078,6.402597402597403
code4craft/tiny-spring,3.0849056603773586,1.150943396226415,2.3679245283018866
alibaba/jstorm,5.549797775530839,1.5525783619817999,42.367290192113245
zfdang/Android-Touch-Helper,4.127272727272727,1.1818181818181819,1.9454545454545455
zq2599/blog_demos,4.036524626452684,1.2224681793027117,15.237410071942445
JoanZapata/android-iconify,3.511627906976744,1.2325581395348837,5.186046511627907
google/open-location-code,4.925373134328358,1.1791044776119404,4.0
jindrapetrik/jpexs-decompiler,6.089543616406702,1.995378393991912,55.8212016175621
killme2008/aviatorscript,4.718562874251497,1.4990019960079841,61.75848303393214
pqpo/SmartCropper,6.25,1.3333333333333333,122.5
jboss-javassist/javassist,3.37,1.55,44.04181818181818
osmandapp/OsmAnd,8.20378801675469,1.6685485339646695,97.81569841558914
bluelinelabs/Conductor,5.482352941176471,1.3529411764705883,72.16470588235295
binIoter/GuideView,3.742857142857143,1.3714285714285714,8.228571428571428
discord-jda/JDA,8.73015873015873,1.8309990662931839,129.8468720821662
apache/dubbo-admin,4.592105263157895,1.381578947368421,24.166666666666668
databricks/learning-spark,2.827067669172932,1.0150375939849625,1.7969924812030076
aurelhubert/ahbottomnavigation,5.108695652173913,1.173913043478261,57.47826086956522
ant-media/Ant-Media-Server,5.758341759352882,1.288169868554095,147.46006066734074
h2database/h2database,6.164549304295221,2.044767090139141,175.8711433756806
zzhoujay/RichText,4.2727272727272725,1.446969696969697,10.545454545454545
qunarcorp/bistoury,4.983835415135929,1.281410727406319,21.41587068332109
apache/maven,5.996710526315789,1.4427631578947369,57.78815789473684
MiguelCatalan/MaterialSearchView,4.048780487804878,1.3170731707317074,22.658536585365855
NotFound9/interviewGuide,0,0,0
ddd-by-examples/library,6.788617886178862,1.0406504065040652,5.430894308943089
kestra-io/kestra,7.931718061674009,1.5077092511013215,9.188325991189428
mercyblitz/tech-weekly,2.014925373134328,1.0298507462686568,2.298507462686567
lzyzsd/CircleProgress,5.76,1.68,85.76
roboguice/roboguice,4.701349325337332,1.4158920539730135,7.127736131934033
zendesk/maxwell,6.140065146579804,1.6254071661237786,32.16938110749186
ikarus23/MifareClassicTool,10.969696969696969,2.272727272727273,102.60606060606061
rovo89/XposedInstaller,4.896551724137931,1.4187192118226601,8.517241379310345
crate/crate,7.392694657480827,1.6421422072013518,43.990770830625245
jacoco/jacoco,4.111990950226244,1.4242081447963801,12.580316742081449
lygttpod/SuperTextView,3.046511627906977,1.1627906976744187,141.67441860465115
sofastack/sofa-rpc,5.332640332640333,1.334026334026334,25.28205128205128
amirzaidi/Launcher3,7.24949494949495,1.4777777777777779,63.68080808080808
LSPosed/LSPatch,4.342465753424658,1.3493150684931507,23.876712328767123
timehop/sticky-headers-recyclerview,4.620689655172414,1.2758620689655173,3.2413793103448274
sunfusheng/MarqueeView,5.409090909090909,1.3636363636363635,5.454545454545454
DTStack/chunjun,7.160724391624222,1.548953027730617,18.127334465195247
linyiqun/DataMiningAlgorithm,2.2936507936507935,1.0873015873015872,9.96031746031746
AlmasB/FXGL,4.87111801242236,1.5186335403726707,32.63664596273292
kkevsekk1/AutoX,5.286329386437029,1.5834230355220666,46.054897739504845
willowtreeapps/spruce-android,4.860655737704918,1.3688524590163935,5.352459016393443
andOTP/andOTP,6.108433734939759,1.5,41.41566265060241
yanzhenjie/NoHttp,4.456140350877193,1.5,45.64912280701754
Exrick/xboot,7.415472779369628,1.2120343839541547,2.656160458452722
stylefeng/Guns,7.0,1.368421052631579,9.473684210526315
knowm/XChange,5.779495206417531,1.501076110350225,27.401682645274896
diffplug/spotless,5.142514970059881,1.688622754491018,15.31377245508982
jbloch/effective-java-3e-source-code,1.1287128712871286,1.188118811881188,1.3267326732673268
ryanhoo/StylishMusicPlayer,5.025773195876289,1.309278350515464,13.216494845360824
Ereza/CustomActivityOnCrash,5.4,1.3333333333333333,32.333333333333336
yangfuhai/ASimpleCache,4.586206896551724,1.3103448275862069,38.51724137931034
mpusher/mpush,4.731155778894473,1.3442211055276383,24.565326633165828
JavaNoober/BackgroundLibrary,4.7899159663865545,1.2100840336134453,34.1764705882353
lilishop/lilishop,7.649869109947644,1.3193717277486912,13.674083769633508
CameraKit/blurkit-android,6.1,1.5,30.3
promeG/TinyPinyin,2.0615384615384613,1.0923076923076922,8.753846153846155
JeremyLiao/LiveEventBus,3.241042345276873,1.1107491856677525,4.094462540716612
apache/incubator-heron,5.562649164677804,1.4349642004773269,20.403341288782816
Atmosphere/atmosphere,5.804062126642772,1.4038231780167265,49.20191158900836
TheoKanning/openai-java,4.909090909090909,1.1272727272727272,8.045454545454545
google/rejoiner,6.6183206106870225,1.5725190839694656,4.923664122137405
stfalcon-studio/ChatKit,5.768518518518518,2.8981481481481484,35.48148148148148
litesuits/android-common,3.5176470588235293,1.2470588235294118,124.3529411764706
eclipse/jetty.project,5.409539684574946,1.5941787408642134,28.26811129632004
tonikelope/megabasterd,2.8186528497409324,1.5077720207253886,83.93782383419689
pytorch/serve,5.38785046728972,1.4766355140186915,53.13084112149533
648540858/wvp-GB28181-pro,8.712589073634204,1.2470308788598574,147.48931116389548
wendux/DSBridge-Android,2.978723404255319,1.1063829787234043,15.97872340425532
logisim-evolution/logisim-evolution,6.007596310363538,2.4346174715138362,28.41942485078676
rockerhieu/emojicon,5.153846153846154,1.564102564102564,6.769230769230769
mcxtzhang/SwipeDelMenuLayout,3.1,1.25,5.2
fishercoder1534/Leetcode,1.5765869365225391,1.000459981600736,0.3047378104875805
tyrantgit/ExplosionField,4.9,1.5,4.3
ethanhua/Skeleton,3.727272727272727,1.2424242424242424,4.606060606060606
dongjunkun/DropDownMenu,4.526315789473684,1.368421052631579,2.1578947368421053
liuyubobobo/Play-with-Algorithms,2.9323308270676693,1.0075187969924813,4.225563909774436
lisawray/groupie,5.096774193548387,1.8279569892473118,29.903225806451612
kikoso/android-stackblur,1.7560975609756098,1.0975609756097562,0.5853658536585366
Docile-Alligator/Infinity-For-Reddit,7.003916449086162,1.6194516971279374,27.933420365535248
johncarl81/parceler,4.702272727272727,1.35,16.588636363636365
KunMinX/Linkage-RecyclerView,6.4,1.5466666666666666,10.386666666666667
nextcloud/android,9.323529411764707,1.7619047619047619,68.54201680672269
IoT-Technology/IoT-Technical-Guide,4.085034013605442,1.248299319727891,3.163265306122449
dunwu/db-tutorial,4.816568047337278,1.136094674556213,25.325443786982248
MovingBlocks/Terasology,6.132667617689016,1.4618402282453637,25.12517831669044
nytimes/Store,6.2,1.5620689655172413,17.055172413793102
linkedin/databus,5.5,1.3608179419525066,46.73482849604222
arimorty/floatingsearchview,3.5703703703703704,1.1777777777777778,26.28148148148148
bilibili/MagicaSakura,8.297619047619047,1.6785714285714286,25.44047619047619
luontola/retrolambda,2.5125,1.4125,9.004166666666666
lsjwzh/RecyclerViewPager,4.309859154929577,1.4929577464788732,9.971830985915492
JakeWharton/ThreeTenABP,4.285714285714286,1.4285714285714286,1.4285714285714286
davideas/FlexibleAdapter,6.024539877300613,2.1134969325153374,102.30981595092024
vaticle/typedb,9.218800648298217,2.8014586709886546,31.231766612641817
Sayi/poi-tl,6.506692160611855,1.2065009560229445,89.8527724665392
dropbox/hackpad,5.088852988691438,1.8061389337641358,152.29886914378028
jMonkeyEngine/jmonkeyengine,6.527440970006381,1.734524569240587,54.30344607530313
apache/kylin,5.719906323185012,1.4501170960187353,91.86838407494145
charles2gan/GDA-android-reversing-Tool,2.5625,1.0,57.375
ByteLegend/ByteLegend,6.979661016949152,1.0033898305084745,727.8440677966101
code4craft/netty-learning,5.017182130584192,1.6640893470790379,39.24914089347079
RipMeApp/ripme,4.766081871345029,2.690058479532164,28.70175438596491
VaughnVernon/IDDD_Samples,4.7357910906298,1.6436251920122888,27.327188940092167
andremion/Music-Player,4.40625,1.75,5.03125
baoyongzhang/SwipeMenuListView,4.393939393939394,1.4545454545454546,15.242424242424242
camunda/camunda-bpm-platform,6.329900913153293,1.6064697882261512,86.72041966193899
awaitility/awaitility,3.1420118343195265,1.1952662721893492,13.923076923076923
networknt/light-4j,4.494652406417113,1.1675579322638145,24.505347593582886
WVector/AppUpdate,4.4375,1.15625,37.140625
google/data-transfer-project,6.866840731070496,1.2610966057441253,6.785900783289817
dromara/hertzbeat,6.703839122486289,1.190127970749543,22.0036563071298
codeestX/GeekNews,4.626423690205011,1.4464692482915718,10.009111617312072
angryip/ipscan,4.981723237597911,1.6657963446475197,4.133159268929504
googlemaps/android-maps-utils,6.475,1.61,36.12
yanzhenjie/AndServer,5.0233644859813085,1.5420560747663552,48.05140186915888
xcc3641/SeeWeather,4.9245283018867925,1.5377358490566038,6.122641509433962
deepjavalibrary/djl,6.826647564469914,1.5515759312320916,121.13037249283667
vert-x3/vertx-examples,4.926020408163265,1.7270408163265305,1.3954081632653061
tronprotocol/java-tron,8.757536041939712,1.8676277850589778,75.66448230668414
openhab/openhab1-addons,0,0,0
hmkcode/Android,4.803571428571429,1.6607142857142858,2.142857142857143
guolindev/giffun,5.382845188284519,1.2782426778242677,25.338912133891213
s4kibs4mi/java-developer-roadmap,0.0,1.0,0.0
undertow-io/undertow,5.124142437112055,1.2355439398889252,35.84482195360993
crossoverJie/SSM,3.188073394495413,1.151376146788991,110.80275229357798
spockframework/spock,5.336405529953917,1.4823348694316436,32.59600614439324
sherxon/AlgoDS,1.3380281690140845,1.004225352112676,1.4112676056338027
yigit/android-priority-jobqueue,4.79155672823219,1.7176781002638521,10.839050131926122
apache/incubator-streampark,6.887871853546911,1.2242562929061784,15.819221967963387
KingJA/LoadSir,5.1891891891891895,1.554054054054054,4.013513513513513
react-native-share/react-native-share,5.641025641025641,2.076923076923077,8.794871794871796
ittianyu/BottomNavigationViewEx,4.896551724137931,1.5862068965517242,50.13793103448276
alamkanak/Android-Week-View,3.6296296296296298,1.2592592592592593,238.33333333333334
alibaba/Alink,6.5115570231140465,1.6860553721107443,35.657861315722634
avast/android-butterknife-zelezny,4.926829268292683,1.6585365853658536,11.317073170731707
uber/NullAway,4.26559356136821,1.2112676056338028,38.20523138832998
rubensousa/PreviewSeekBar,5.6521739130434785,1.173913043478261,28.17391304347826
huburt-Hu/NewbieGuide,4.3076923076923075,1.1794871794871795,10.435897435897436
shuzijun/leetcode-editor,6.2727272727272725,1.734006734006734,20.306397306397308
fyhertz/libstreaming,3.5730337078651684,1.4157303370786516,23.292134831460675
GitLqr/LQRWeChat,5.005181347150259,1.4170984455958548,18.935233160621763
Snoopy1866/LiTiaotiao-Custom-Rules,0.6666666666666666,1.0,9.333333333333334
dingjikerbo/Android-BluetoothKit,4.074688796680498,1.2406639004149378,18.70124481327801
abel533/MyBatis-Spring-Boot,5.2,1.25,5.2
spring-cloud/spring-cloud-kubernetes,7.544783983140148,1.208640674394099,5.147523709167545
CeuiLiSA/Pixiv-Shaft,4.7952830188679245,1.4537735849056603,22.983018867924528
allure-framework/allure2,6.067669172932331,1.330827067669173,11.300751879699249
FasterXML/jackson-databind,3.6937919463087248,1.820469798657718,25.8185822147651
watabou/pixel-dungeon,5.6305125148986885,2.622169249106079,12.423122765196663
lenve/JavaEETest,3.5064935064935066,1.0974025974025974,3.5779220779220777
JCTools/JCTools,4.590344827586207,3.6510344827586207,19.724137931034484
apache/iotdb,7.31924882629108,1.5415962441314555,101.29915492957747
ivacf/archi,5.457142857142857,1.2285714285714286,1.5285714285714285
anggrayudi/android-hidden-api,8.5,1.0,56.5
google/volley,5.190476190476191,1.696969696969697,12.285714285714286
javastacks/spring-boot-best-practice,4.682352941176471,1.0941176470588236,3.1
iammert/ScalingLayout,3.3333333333333335,1.2222222222222223,4.333333333333333
geoserver/geoserver,7.154238313315476,1.8270111466344077,42.99066793398428
luojilab/DDComponentForAndroid,3.0980392156862746,1.3137254901960784,6.705882352941177
uber/AutoDispose,7.796992481203008,1.3759398496240602,20.76691729323308
immutables/immutables,4.734327217125382,1.2962538226299694,28.87079510703364
pingfangushi/screw,4.985294117647059,1.3529411764705883,5.242647058823529
shekhargulati/99-problems,1.699248120300752,1.0,1.6842105263157894
bitcoin-wallet/bitcoin-wallet,7.454780361757106,1.7131782945736433,5.529715762273902
actorapp/actor-platform,4.983216356423558,1.4418675617943242,18.077815074763503
ZHENFENG13/My-Blog,4.758620689655173,1.0517241379310345,29.551724137931036
dariuszseweryn/RxAndroidBle,5.360262008733624,1.3187772925764192,55.05021834061135
jtablesaw/tablesaw,6.054448871181939,1.2762284196547145,109.2390438247012
kevinsawicki/http-request,2.238095238095238,1.1130952380952381,78.50595238095238
sofastack/sofa-jraft,5.991441737985517,1.4312047399605003,74.61619486504279
zhpanvip/BannerViewPager,5.397260273972603,1.4109589041095891,46.465753424657535
Snailclimb/guide-rpc-framework,4.886075949367089,1.1645569620253164,1.2151898734177216
chenBingX/SuperTextView,3.3916666666666666,1.15,86.58333333333333
WritingMinds/ffmpeg-android-java,2.9148936170212765,1.446808510638298,7.723404255319149
trojan-gfw/igniter,4.559322033898305,1.2203389830508475,15.807909604519773
woxingxiao/BubbleSeekBar,4.9,1.3,91.7
MuntashirAkon/AppManager,8.246500777604977,1.4688958009331259,78.30559875583204
phodal/migration,1.4166666666666667,1.0,0.08333333333333333
java-aodeng/hope-boot,5.677685950413223,1.2644628099173554,6.2727272727272725
nining377/dolby_beta,4.145945945945946,1.454054054054054,7.951351351351351
UnevenSoftware/LeafPic,6.049822064056939,1.4590747330960854,21.846975088967973
eishay/jvm-serializers,6.5354107648725215,1.8640226628895185,45.65155807365439
eleme/UETool,5.495575221238938,1.7433628318584071,7.964601769911504
tangqi92/Android-Tips,1.0,1.0,0.5714285714285714
ragunathjawahar/android-saripaar,5.243243243243243,1.8918918918918919,11.79054054054054
shopizer-ecommerce/shopizer,7.850770478507704,1.6788321167883211,34.16301703163017
Red5/red5-server,5.340587595212187,1.4167573449401523,46.74646354733406
BelooS/ChipsLayoutManager,5.122881355932203,1.326271186440678,17.360169491525422
aragozin/jvm-tools,4.127419354838709,1.2080645161290322,20.198387096774194
exadel-inc/CompreFace,7.852852852852853,1.6576576576576576,3.894894894894895
bluelinelabs/LoganSquare,3.859375,1.75,8.651041666666666
hneemann/Digital,5.033130866924351,1.6725565985643291,13.093870789618995
Mojang/brigadier,6.617283950617284,1.1604938271604939,46.592592592592595
jfinal/jfinal,4.613756613756614,1.4885361552028218,77.38271604938272
pengjianbo/GalleryFinal,5.572519083969466,1.4274809160305344,45.534351145038165
201206030/novel-plus,6.366412213740458,1.213740458015267,46.20610687022901
spring-io/initializr,5.551282051282051,1.2678062678062678,31.618233618233617
jlegewie/zotfile,0,0,0
daimajia/AndroidViewHover,3.5789473684210527,1.2105263157894737,65.36842105263158
alibaba/cobar,5.030247479376719,1.9486709440879926,40.05591200733272
Dimezis/BlurView,5.392857142857143,1.5,5.75
bilibili/boxing,6.642335766423358,1.364963503649635,20.912408759124087
bauerca/drag-sort-listview,3.8734177215189876,1.7468354430379747,28.70886075949367
RoaringBitmap/RoaringBitmap,5.510924369747899,1.122689075630252,256.63529411764705
guoguibing/librec,6.862212943632568,2.0605427974947808,24.649269311064717
google/bundletool,9.421800947867299,1.268957345971564,77.95616113744076
gouthampradhan/leetcode,1.6057692307692308,1.0,1.125
rememberber/WePush,6.922509225092251,1.5904059040590406,25.542435424354245
android-notes/Cockroach,3.2280701754385963,1.1754385964912282,3.3333333333333335
facebookarchive/network-connection-class,3.375,1.3125,4.0
zzz40500/GsonFormat,2.8285714285714287,1.457142857142857,54.91428571428571
Skykai521/StickerCamera,4.0883280757097795,1.864353312302839,37.738170347003155
amulyakhare/TextDrawable,5.666666666666667,1.3888888888888888,10.444444444444445
chrisbanes/ActionBar-PullToRefresh,5.877551020408164,1.836734693877551,9.214285714285714
amitshekhariitbhu/PRDownloader,2.3375,1.04375,9.54375
nicolasgramlich/AndEngine,3.754385964912281,1.7568922305764412,55.07017543859649
ferredoxin/QNotified,6.00587084148728,1.63013698630137,47.76712328767123
yangfuhai/afinal,4.25,1.4659090909090908,81.56818181818181
java8/Java8InAction,1.7384615384615385,1.0717948717948718,2.58974358974359
crazyandcoder/citypicker,3.903030303030303,1.2121212121212122,30.76969696969697
spotbugs/spotbugs,4.328775637041641,1.3666873834679925,27.253987984255232
eclipse-openj9/openj9,3.366657199659188,1.5332291962510651,102.82078954842375
apache/incubator-kie-optaplanner,7.220842169039685,1.872765828536807,52.050893668585275
apache/logging-log4j2,5.491671624033313,1.517846519928614,46.36972040452112
danylovolokh/VideoPlayerManager,4.291666666666667,1.3,9.858333333333333
helidon-io/helidon,5.892465032335689,1.4523988569709732,24.910512859076555
airbnb/native-navigation,5.554545454545455,1.3545454545454545,29.39090909090909
apache/linkis,4.858528698464026,1.360549717057397,32.35206143896524
hongyangAndroid/Highlight,4.216216216216216,1.3783783783783783,11.54054054054054
requery/requery,5.5,1.3591549295774648,26.398591549295773
LinShunKang/MyPerf4J,3.8729641693811074,1.1530944625407167,10.416938110749186
hitherejoe/animate,6.865384615384615,2.0,4.134615384615385
yipianfengye/android-adDialog,4.0,1.2045454545454546,16.818181818181817
mxdldev/android-mvp-mvvm-flytour,2.6864564007421152,1.2987012987012987,9.222634508348794
kubernetes-client/java,6.865022712524335,1.3570192515682458,310.7219338092148
JabRef/jabref,0,0,0
lukas-krecan/ShedLock,5.721739130434782,2.0057971014492755,5.9797101449275365
zhou-you/RxEasyHttp,4.118309859154929,1.1859154929577465,47.735211267605635
mplushnikov/lombok-intellij-plugin,3.8127053669222346,1.4665936473165389,9.99671412924425
cSploit/android,4.208984375,1.517578125,15.65234375
AxonFramework/AxonFramework,5.984122228879569,1.3070701018573996,16.062911923307368
fabric8io/kubernetes-client,21.605695880657738,1.1213765044922868,80.23020850991693
zaaach/CityPicker,4.871794871794871,1.6153846153846154,7.051282051282051
Marswin/MarsDaemon,3.8378378378378377,1.3243243243243243,4.8108108108108105
mbechler/marshalsec,7.291666666666667,1.8194444444444444,14.5
coderbruis/JavaSourceCodeLearning,2.854889589905363,1.2586750788643533,3.138801261829653
lihangleo2/ShadowLayout,4.638888888888889,1.1666666666666667,19.416666666666668
microservices-patterns/ftgo-application,5.345945945945946,1.1891891891891893,8.191891891891892
yidongnan/grpc-spring-boot-starter,6.769662921348314,1.4943820224719102,5.497191011235955
florent37/ShapeOfView,5.173913043478261,1.8043478260869565,29.02173913043478
evrencoskun/TableView,6.654205607476635,1.6261682242990654,57.728971962616825
wix/react-native-notifications,5.764705882352941,1.3529411764705883,10.980392156862745
guolindev/booksource,3.2283464566929134,1.468503937007874,1.2677165354330708
gabrielemariotti/RecyclerViewItemAnimators,4.983050847457627,1.576271186440678,3.9152542372881354
mmin18/RealtimeBlurView,6.333333333333333,1.8,5.8
yangchong211/YCAppTool,4.659876936134097,1.319117335030766,21.624867388075536
zwwill/yanxuan-weex-demo,0.7872340425531915,1.0297872340425531,2.051063829787234
sofastack/sofa-jarslink,3.5757575757575757,1.1515151515151516,2.121212121212121
KeepSafe/ReLinker,3.2093023255813953,1.302325581395349,4.395348837209302
xmuSistone/ViewpagerTransition,5.266666666666667,1.6666666666666667,6.266666666666667
